{
  "rated": {
    "label": "rated",
    "val_ap": 0.4639350891778764,
    "val_precision": 0.6989186112692088,
    "val_recall": 0.01001732434248563,
    "val_f1": 0.019751557415529624,
    "val_fbeta_05": 0.047370832027388676,
    "threshold": 0.9518147313003386,
    "val_samples": 2902100,
    "val_positives": 980701,
    "val_random_ap": 0.3379280521002033,
    "best_hyperparams": {
      "n_estimators": 350,
      "learning_rate": 0.2536999076681772,
      "max_depth": 8,
      "num_leaves": 82,
      "min_child_samples": 24,
      "colsample_bytree": 0.5779972601681014,
      "subsample": 0.5290418060840998,
      "reg_alpha": 2.1423021757741068,
      "reg_lambda": 0.10129197956845731
    },
    "_uncalibrated": false,
    "train_ap": 0.5273109453275209,
    "train_precision": 0.763127118239534,
    "train_recall": 0.014181998506994637,
    "train_f1": 0.027846496119379324,
    "train_samples": 12968195,
    "train_positives": 4509026,
    "train_random_ap": 0.3476988123636327,
    "test_ap": 0.4738326420289329,
    "test_precision": 0.7157972772610864,
    "test_recall": 0.01074079205377576,
    "test_f1": 0.021164010620862123,
    "test_samples": 2887171,
    "test_positives": 988847,
    "test_random_ap": 0.3424968593824197,
    "test_threshold_uncalibrated": false,
    "test_precision_at_recall_0.001": 0.8540840602696272,
    "threshold_at_recall_0.001": 0.9819739869547875,
    "n_alerts_at_recall_0.001": 1261,
    "alerts_per_minute_at_recall_0.001": null,
    "test_precision_at_recall_0.01": 0.7232768691588785,
    "threshold_at_recall_0.01": 0.9536182714731009,
    "n_alerts_at_recall_0.01": 13696,
    "alerts_per_minute_at_recall_0.01": null,
    "test_precision_at_recall_0.1": 0.5859619395203337,
    "threshold_at_recall_0.1": 0.8268259971177764,
    "n_alerts_at_recall_0.1": 168784,
    "alerts_per_minute_at_recall_0.1": null,
    "test_precision_at_recall_0.5": 0.4609020621920275,
    "threshold_at_recall_0.5": 0.6300392554415539,
    "n_alerts_at_recall_0.5": 1072742,
    "alerts_per_minute_at_recall_0.5": null,
    "test_precision_prod_adjusted": 0.4194424732752515,
    "test_neg_pos_ratio": 1.9197348022494884,
    "production_neg_pos_ratio_assumed": 6.6923076923076925,
    "feature_importance": [
      {
        "rank": 1,
        "feature": "bets_cnt_w30m",
        "importance_gain_pct": 24.32
      },
      {
        "rank": 2,
        "feature": "bets_cnt_w15m",
        "importance_gain_pct": 18.1
      },
      {
        "rank": 3,
        "feature": "win_cnt_w15m",
        "importance_gain_pct": 8.29
      },
      {
        "rank": 4,
        "feature": "bets_in_run_so_far",
        "importance_gain_pct": 6.8
      },
      {
        "rank": 5,
        "feature": "cum_bets",
        "importance_gain_pct": 2.46
      },
      {
        "rank": 6,
        "feature": "win_rate_w15m",
        "importance_gain_pct": 2.16
      },
      {
        "rank": 7,
        "feature": "wager_recent_vs_session_avg",
        "importance_gain_pct": 2.04
      },
      {
        "rank": 8,
        "feature": "sessions_365d",
        "importance_gain_pct": 2.0
      },
      {
        "rank": 9,
        "feature": "loss_streak",
        "importance_gain_pct": 1.88
      },
      {
        "rank": 10,
        "feature": "minutes_since_run_start",
        "importance_gain_pct": 1.86
      },
      {
        "rank": 11,
        "feature": "prev_bet_gap_min",
        "importance_gain_pct": 1.8
      },
      {
        "rank": 12,
        "feature": "active_days_per_session_30d",
        "importance_gain_pct": 1.8
      },
      {
        "rank": 13,
        "feature": "wager_std_w15m",
        "importance_gain_pct": 1.6
      },
      {
        "rank": 14,
        "feature": "avg_session_duration_min_180d",
        "importance_gain_pct": 1.56
      },
      {
        "rank": 15,
        "feature": "sessions_180d",
        "importance_gain_pct": 1.55
      },
      {
        "rank": 16,
        "feature": "win_session_rate_180d",
        "importance_gain_pct": 1.09
      },
      {
        "rank": 17,
        "feature": "active_days_365d",
        "importance_gain_pct": 1.01
      },
      {
        "rank": 18,
        "feature": "avg_payout_odds_w15m",
        "importance_gain_pct": 0.97
      },
      {
        "rank": 19,
        "feature": "avg_wager_sofar",
        "importance_gain_pct": 0.94
      },
      {
        "rank": 20,
        "feature": "theo_win_sum_180d",
        "importance_gain_pct": 0.93
      },
      {
        "rank": 21,
        "feature": "turnover_per_bet_mean_180d",
        "importance_gain_pct": 0.91
      },
      {
        "rank": 22,
        "feature": "cum_wager",
        "importance_gain_pct": 0.9
      },
      {
        "rank": 23,
        "feature": "num_bets_sum_180d",
        "importance_gain_pct": 0.87
      },
      {
        "rank": 24,
        "feature": "top_table_share_90d",
        "importance_gain_pct": 0.86
      },
      {
        "rank": 25,
        "feature": "time_of_day_cos",
        "importance_gain_pct": 0.85
      },
      {
        "rank": 26,
        "feature": "time_of_day_sin",
        "importance_gain_pct": 0.85
      },
      {
        "rank": 27,
        "feature": "avg_session_duration_min_30d",
        "importance_gain_pct": 0.84
      },
      {
        "rank": 28,
        "feature": "days_since_first_session",
        "importance_gain_pct": 0.79
      },
      {
        "rank": 29,
        "feature": "player_win_sum_180d",
        "importance_gain_pct": 0.73
      },
      {
        "rank": 30,
        "feature": "sessions_90d",
        "importance_gain_pct": 0.73
      },
      {
        "rank": 31,
        "feature": "num_games_with_wager_sum_180d",
        "importance_gain_pct": 0.68
      },
      {
        "rank": 32,
        "feature": "wager_sum_w30m",
        "importance_gain_pct": 0.65
      },
      {
        "rank": 33,
        "feature": "bets_cnt_w5m",
        "importance_gain_pct": 0.65
      },
      {
        "rank": 34,
        "feature": "wager_max_w15m",
        "importance_gain_pct": 0.64
      },
      {
        "rank": 35,
        "feature": "active_days_90d",
        "importance_gain_pct": 0.57
      },
      {
        "rank": 36,
        "feature": "theo_win_sum_30d",
        "importance_gain_pct": 0.55
      },
      {
        "rank": 37,
        "feature": "wager_sum_in_run_so_far",
        "importance_gain_pct": 0.53
      },
      {
        "rank": 38,
        "feature": "actual_vs_theo_ratio_30d",
        "importance_gain_pct": 0.52
      },
      {
        "rank": 39,
        "feature": "top_table_share_30d",
        "importance_gain_pct": 0.49
      },
      {
        "rank": 40,
        "feature": "hour_of_day",
        "importance_gain_pct": 0.49
      },
      {
        "rank": 41,
        "feature": "turnover_sum_30d",
        "importance_gain_pct": 0.46
      },
      {
        "rank": 42,
        "feature": "prev_wager",
        "importance_gain_pct": 0.43
      },
      {
        "rank": 43,
        "feature": "back_bet_cnt_w20",
        "importance_gain_pct": 0.41
      },
      {
        "rank": 44,
        "feature": "back_bet_pct_w20",
        "importance_gain_pct": 0.37
      },
      {
        "rank": 45,
        "feature": "position_min_w30m",
        "importance_gain_pct": 0.24
      },
      {
        "rank": 46,
        "feature": "position_max_w30m",
        "importance_gain_pct": 0.21
      },
      {
        "rank": 47,
        "feature": "active_days_30d",
        "importance_gain_pct": 0.21
      },
      {
        "rank": 48,
        "feature": "pace_drop_ratio_w15m_w30m",
        "importance_gain_pct": 0.2
      },
      {
        "rank": 49,
        "feature": "position_moved_w30m",
        "importance_gain_pct": 0.1
      },
      {
        "rank": 50,
        "feature": "prev_bet_was_loss",
        "importance_gain_pct": 0.1
      }
    ],
    "importance_method": "gain"
  },
  "model_version": "20260311-235815-fbee1da",