{
  "rated": {
    "label": "rated",
    "val_ap": 0.4659104469046996,
    "val_precision": 0.7058392018779343,
    "val_recall": 0.010012966281424502,
    "val_f1": 0.019745820276507155,
    "val_fbeta_05": 0.047376516767407,
    "threshold": 0.9549007619625745,
    "val_samples": 1409689,
    "val_positives": 480477,
    "val_random_ap": 0.3408390077527738,
    "best_hyperparams": {
      "n_estimators": 350,
      "learning_rate": 0.2536999076681772,
      "max_depth": 8,
      "num_leaves": 82,
      "min_child_samples": 24,
      "colsample_bytree": 0.5779972601681014,
      "subsample": 0.5290418060840998,
      "reg_alpha": 2.1423021757741068,
      "reg_lambda": 0.10129197956845731
    },
    "_uncalibrated": false,
    "train_ap": 0.5498442301546705,
    "train_precision": 0.7847495212176192,
    "train_recall": 0.014210812118114655,
    "train_f1": 0.027916099311823598,
    "train_samples": 6435038,
    "train_positives": 2191430,
    "train_random_ap": 0.34054655155105534,
    "test_ap": 0.47395157101847696,
    "test_precision": 0.7122605363984674,
    "test_recall": 0.011539535894226094,
    "test_f1": 0.022711122423008403,
    "test_samples": 1400775,
    "test_positives": 483295,
    "test_random_ap": 0.34501972122575003,
    "test_threshold_uncalibrated": false,
    "test_precision_at_recall_0.001": 0.8599290780141844,
    "threshold_at_recall_0.001": 0.9850971243771895,
    "n_alerts_at_recall_0.001": 564,
    "alerts_per_minute_at_recall_0.001": null,
    "test_precision_at_recall_0.01": 0.7191011235955056,
    "threshold_at_recall_0.01": 0.9577745969860814,
    "n_alerts_at_recall_0.01": 6853,
    "alerts_per_minute_at_recall_0.01": null,
    "test_precision_at_recall_0.1": 0.584231903679706,
    "threshold_at_recall_0.1": 0.838614232496099,
    "n_alerts_at_recall_0.1": 82724,
    "alerts_per_minute_at_recall_0.1": null,
    "test_precision_at_recall_0.5": 0.46011275854781003,
    "threshold_at_recall_0.5": 0.6441180551940242,
    "n_alerts_at_recall_0.5": 525193,
    "alerts_per_minute_at_recall_0.5": null,
    "test_precision_prod_adjusted": 0.41251773072803977,
    "test_neg_pos_ratio": 1.8983850443311021,
    "production_neg_pos_ratio_assumed": 6.6923076923076925,
    "feature_importance": [
      {
        "rank": 1,
        "feature": "bets_cnt_w15m",
        "importance_gain_pct": 21.01
      },
      {
        "rank": 2,
        "feature": "bets_cnt_w30m",
        "importance_gain_pct": 17.01
      },
      {
        "rank": 3,
        "feature": "bets_in_run_so_far",
        "importance_gain_pct": 9.7
      },
      {
        "rank": 4,
        "feature": "win_cnt_w15m",
        "importance_gain_pct": 5.11
      },
      {
        "rank": 5,
        "feature": "loss_streak",
        "importance_gain_pct": 2.58
      },
      {
        "rank": 6,
        "feature": "cum_bets",
        "importance_gain_pct": 2.55
      },
      {
        "rank": 7,
        "feature": "sessions_365d",
        "importance_gain_pct": 2.26
      },
      {
        "rank": 8,
        "feature": "wager_recent_vs_session_avg",
        "importance_gain_pct": 2.01
      },
      {
        "rank": 9,
        "feature": "avg_session_duration_min_180d",
        "importance_gain_pct": 1.65
      },
      {
        "rank": 10,
        "feature": "minutes_since_run_start",
        "importance_gain_pct": 1.6
      },
      {
        "rank": 11,
        "feature": "active_days_per_session_30d",
        "importance_gain_pct": 1.54
      },
      {
        "rank": 12,
        "feature": "prev_bet_gap_min",
        "importance_gain_pct": 1.47
      },
      {
        "rank": 13,
        "feature": "win_session_rate_180d",
        "importance_gain_pct": 1.34
      },
      {
        "rank": 14,
        "feature": "time_of_day_cos",
        "importance_gain_pct": 1.32
      },
      {
        "rank": 15,
        "feature": "win_rate_w15m",
        "importance_gain_pct": 1.31
      },
      {
        "rank": 16,
        "feature": "time_of_day_sin",
        "importance_gain_pct": 1.26
      },
      {
        "rank": 17,
        "feature": "cum_wager",
        "importance_gain_pct": 1.26
      },
      {
        "rank": 18,
        "feature": "active_days_365d",
        "importance_gain_pct": 1.24
      },
      {
        "rank": 19,
        "feature": "turnover_per_bet_mean_180d",
        "importance_gain_pct": 1.18
      },
      {
        "rank": 20,
        "feature": "sessions_180d",
        "importance_gain_pct": 1.09
      },
      {
        "rank": 21,
        "feature": "days_since_first_session",
        "importance_gain_pct": 1.07
      },
      {
        "rank": 22,
        "feature": "avg_session_duration_min_30d",
        "importance_gain_pct": 0.99
      },
      {
        "rank": 23,
        "feature": "wager_max_w15m",
        "importance_gain_pct": 0.98
      },
      {
        "rank": 24,
        "feature": "theo_win_sum_180d",
        "importance_gain_pct": 0.95
      },
      {
        "rank": 25,
        "feature": "avg_payout_odds_w15m",
        "importance_gain_pct": 0.93
      },
      {
        "rank": 26,
        "feature": "turnover_sum_365d",
        "importance_gain_pct": 0.93
      },
      {
        "rank": 27,
        "feature": "num_bets_sum_180d",
        "importance_gain_pct": 0.93
      },
      {
        "rank": 28,
        "feature": "top_table_share_90d",
        "importance_gain_pct": 0.92
      },
      {
        "rank": 29,
        "feature": "avg_wager_sofar",
        "importance_gain_pct": 0.92
      },
      {
        "rank": 30,
        "feature": "player_win_sum_90d",
        "importance_gain_pct": 0.89
      },
      {
        "rank": 31,
        "feature": "num_games_with_wager_sum_180d",
        "importance_gain_pct": 0.86
      },
      {
        "rank": 32,
        "feature": "sessions_90d",
        "importance_gain_pct": 0.86
      },
      {
        "rank": 33,
        "feature": "player_win_sum_365d",
        "importance_gain_pct": 0.84
      },
      {
        "rank": 34,
        "feature": "wager_sum_in_run_so_far",
        "importance_gain_pct": 0.79
      },
      {
        "rank": 35,
        "feature": "player_win_sum_180d",
        "importance_gain_pct": 0.77
      },
      {
        "rank": 36,
        "feature": "hour_of_day",
        "importance_gain_pct": 0.71
      },
      {
        "rank": 37,
        "feature": "top_table_share_30d",
        "importance_gain_pct": 0.71
      },
      {
        "rank": 38,
        "feature": "active_days_90d",
        "importance_gain_pct": 0.69
      },
      {
        "rank": 39,
        "feature": "theo_win_sum_30d",
        "importance_gain_pct": 0.67
      },
      {
        "rank": 40,
        "feature": "turnover_per_bet_30d_over_180d",
        "importance_gain_pct": 0.63
      },
      {
        "rank": 41,
        "feature": "num_bets_sum_30d",
        "importance_gain_pct": 0.63
      },
      {
        "rank": 42,
        "feature": "turnover_per_bet_mean_30d",
        "importance_gain_pct": 0.62
      },
      {
        "rank": 43,
        "feature": "actual_vs_theo_ratio_30d",
        "importance_gain_pct": 0.62
      },
      {
        "rank": 44,
        "feature": "wager_sum_w30m",
        "importance_gain_pct": 0.58
      },
      {
        "rank": 45,
        "feature": "back_bet_pct_w20",
        "importance_gain_pct": 0.57
      },
      {
        "rank": 46,
        "feature": "position_min_w30m",
        "importance_gain_pct": 0.41
      },
      {
        "rank": 47,
        "feature": "bets_cnt_w5m",
        "importance_gain_pct": 0.36
      },
      {
        "rank": 48,
        "feature": "prev_wager",
        "importance_gain_pct": 0.31
      },
      {
        "rank": 49,
        "feature": "back_bet_cnt_w20",
        "importance_gain_pct": 0.22
      },
      {
        "rank": 50,
        "feature": "position_moved_w30m",
        "importance_gain_pct": 0.12
      }
    ],
    "importance_method": "gain"
  },