{
  "rated": {
    "label": "rated",
    "val_ap": 0.4716861031992703,
    "val_precision": 0.7120631997285901,
    "val_recall": 0.01000629309475875,
    "val_f1": 0.01973525581482817,
    "val_fbeta_05": 0.04736885546115315,
    "threshold": 0.95550174620155,
    "val_samples": 4290565,
    "val_positives": 1468276,
    "val_random_ap": 0.3422104081863344,
    "best_hyperparams": {
      "n_estimators": 350,
      "learning_rate": 0.2536999076681772,
      "max_depth": 8,
      "num_leaves": 82,
      "min_child_samples": 24,
      "colsample_bytree": 0.5779972601681014,
      "subsample": 0.5290418060840998,
      "reg_alpha": 2.1423021757741068,
      "reg_lambda": 0.10129197956845731
    },
    "_uncalibrated": false,
    "train_ap": 0.523075933333901,
    "train_precision": 0.7623647510936732,
    "train_recall": 0.013352859257699728,
    "train_f1": 0.026246018109023033,
    "train_samples": 20352287,
    "train_positives": 7086647,
    "train_random_ap": 0.34819905006253105,
    "test_ap": 0.4699750106525037,
    "test_precision": 0.7109797884491235,
    "test_recall": 0.009458299778621481,
    "test_f1": 0.01866825223590037,
    "test_samples": 4437725,
    "test_positives": 1513697,
    "test_random_ap": 0.3410975218157953,
    "test_threshold_uncalibrated": false,
    "test_precision_at_recall_0.001": 0.8362855609232421,
    "threshold_at_recall_0.001": 0.9816843897547299,
    "n_alerts_at_recall_0.001": 1863,
    "alerts_per_minute_at_recall_0.001": null,
    "test_precision_at_recall_0.01": 0.7076750490791811,
    "threshold_at_recall_0.01": 0.9541773987781786,
    "n_alerts_at_recall_0.01": 21394,
    "alerts_per_minute_at_recall_0.01": null,
    "test_precision_at_recall_0.1": 0.5808668623726472,
    "threshold_at_recall_0.1": 0.8285467479818236,
    "n_alerts_at_recall_0.1": 260595,
    "alerts_per_minute_at_recall_0.1": null,
    "test_precision_at_recall_0.5": 0.4571506921135239,
    "threshold_at_recall_0.5": 0.6300525415491756,
    "n_alerts_at_recall_0.5": 1655581,
    "alerts_per_minute_at_recall_0.5": null,
    "test_precision_prod_adjusted": 0.4152255706596521,
    "test_neg_pos_ratio": 1.9317128857360488,
    "production_neg_pos_ratio_assumed": 6.6923076923076925,
    "feature_importance": [
      {
        "rank": 1,
        "feature": "bets_cnt_w15m",
        "importance_gain_pct": 16.68
      },
      {
        "rank": 2,
        "feature": "wager_sum_w30m",
        "importance_gain_pct": 16.04
      },
      {
        "rank": 3,
        "feature": "bets_in_run_so_far",
        "importance_gain_pct": 9.56
      },
      {
        "rank": 4,
        "feature": "bets_cnt_w30m",
        "importance_gain_pct": 9.45
      },
      {
        "rank": 5,
        "feature": "minutes_since_run_start",
        "importance_gain_pct": 6.59
      },
      {
        "rank": 6,
        "feature": "win_cnt_w15m",
        "importance_gain_pct": 4.84
      },
      {
        "rank": 7,
        "feature": "bets_cnt_w5m",
        "importance_gain_pct": 2.74
      },
      {
        "rank": 8,
        "feature": "cum_bets",
        "importance_gain_pct": 2.51
      },
      {
        "rank": 9,
        "feature": "prev_bet_gap_min",
        "importance_gain_pct": 2.36
      },
      {
        "rank": 10,
        "feature": "win_rate_w15m",
        "importance_gain_pct": 2.23
      },
      {
        "rank": 11,
        "feature": "wager_recent_vs_session_avg",
        "importance_gain_pct": 1.71
      },
      {
        "rank": 12,
        "feature": "sessions_365d",
        "importance_gain_pct": 1.69
      },
      {
        "rank": 13,
        "feature": "active_days_per_session_30d",
        "importance_gain_pct": 1.64
      },
      {
        "rank": 14,
        "feature": "loss_streak",
        "importance_gain_pct": 1.63
      },
      {
        "rank": 15,
        "feature": "avg_session_duration_min_180d",
        "importance_gain_pct": 1.23
      },
      {
        "rank": 16,
        "feature": "wager_std_w15m",
        "importance_gain_pct": 1.18
      },
      {
        "rank": 17,
        "feature": "active_days_365d",
        "importance_gain_pct": 0.95
      },
      {
        "rank": 18,
        "feature": "avg_payout_odds_w15m",
        "importance_gain_pct": 0.9
      },
      {
        "rank": 19,
        "feature": "sessions_180d",
        "importance_gain_pct": 0.89
      },
      {
        "rank": 20,
        "feature": "turnover_per_bet_mean_180d",
        "importance_gain_pct": 0.83
      },
      {
        "rank": 21,
        "feature": "num_games_with_wager_sum_180d",
        "importance_gain_pct": 0.82
      },
      {
        "rank": 22,
        "feature": "win_session_rate_180d",
        "importance_gain_pct": 0.77
      },
      {
        "rank": 23,
        "feature": "avg_wager_sofar",
        "importance_gain_pct": 0.74
      },
      {
        "rank": 24,
        "feature": "num_bets_sum_180d",
        "importance_gain_pct": 0.74
      },
      {
        "rank": 25,
        "feature": "avg_session_duration_min_30d",
        "importance_gain_pct": 0.73
      },
      {
        "rank": 26,
        "feature": "time_of_day_cos",
        "importance_gain_pct": 0.69
      },
      {
        "rank": 27,
        "feature": "theo_win_sum_180d",
        "importance_gain_pct": 0.64
      },
      {
        "rank": 28,
        "feature": "cum_wager",
        "importance_gain_pct": 0.64
      },
      {
        "rank": 29,
        "feature": "time_of_day_sin",
        "importance_gain_pct": 0.63
      },
      {
        "rank": 30,
        "feature": "back_bet_pct_w20",
        "importance_gain_pct": 0.63
      },
      {
        "rank": 31,
        "feature": "days_since_first_session",
        "importance_gain_pct": 0.63
      },
      {
        "rank": 32,
        "feature": "turnover_sum_365d",
        "importance_gain_pct": 0.59
      },
      {
        "rank": 33,
        "feature": "sessions_90d",
        "importance_gain_pct": 0.56
      },
      {
        "rank": 34,
        "feature": "top_table_share_90d",
        "importance_gain_pct": 0.55
      },
      {
        "rank": 35,
        "feature": "theo_win_sum_30d",
        "importance_gain_pct": 0.47
      },
      {
        "rank": 36,
        "feature": "wager_sum_in_run_so_far",
        "importance_gain_pct": 0.46
      },
      {
        "rank": 37,
        "feature": "top_table_share_30d",
        "importance_gain_pct": 0.46
      },
      {
        "rank": 38,
        "feature": "actual_vs_theo_ratio_30d",
        "importance_gain_pct": 0.44
      },
      {
        "rank": 39,
        "feature": "active_days_90d",
        "importance_gain_pct": 0.41
      },
      {
        "rank": 40,
        "feature": "distinct_table_cnt_90d",
        "importance_gain_pct": 0.4
      },
      {
        "rank": 41,
        "feature": "wager_avg_w15m",
        "importance_gain_pct": 0.38
      },
      {
        "rank": 42,
        "feature": "hour_of_day",
        "importance_gain_pct": 0.37
      },
      {
        "rank": 43,
        "feature": "prev_wager",
        "importance_gain_pct": 0.36
      },
      {
        "rank": 44,
        "feature": "position_min_w30m",
        "importance_gain_pct": 0.26
      },
      {
        "rank": 45,
        "feature": "back_bet_cnt_w20",
        "importance_gain_pct": 0.22
      },
      {
        "rank": 46,
        "feature": "active_days_30d",
        "importance_gain_pct": 0.2
      },
      {
        "rank": 47,
        "feature": "position_max_w30m",
        "importance_gain_pct": 0.19
      },
      {
        "rank": 48,
        "feature": "pace_drop_ratio_w15m_w30m",
        "importance_gain_pct": 0.17
      },
      {
        "rank": 49,
        "feature": "prev_bet_was_loss",
        "importance_gain_pct": 0.11
      },
      {
        "rank": 50,
        "feature": "position_moved_w30m",
        "importance_gain_pct": 0.11
      }
    ],
    "importance_method": "gain"
  },